OriginalPath,WorkingCopyPath,SizeBytes,SHA256
code_note/eval.llm笔记.md,docs/code_notes/eval.llm笔记.md,2049,2effde64c9a19b035b7fffb4da29952591cfe1f2027ab14923b28c4ce9a3bee4
code_note/eval_llm.py,code/eval_llm.py,6945,468553eb83ad446bc0491086bc91a32414df5787e9327635788e1b978f482a64
code_note/model_minimind.md,docs/code_notes/model_minimind.md,6900,14eef6b0f1c2598933c74befa591c3ed28b73654c44331b5a1d9dc28d47a5fdc
code_note/model_minimind.py,code/model/model_minimind.py,19889,e55088680b011c2bc9b21d2d1f4955c555c4382f6479765c79104656b0e84e93
code_note/train_full_sft.md,docs/code_notes/train_full_sft.md,8011,43a4ab0a0fe88577182a943079ad6ba348df3136e422f43bffe45f21310fb626
code_note/train_full_sft.py,code/trainer/train_full_sft.py,9755,3a67d439f8a0469a38915b59c413653c143b454eb6b2c34962e252bebe6c6284
code_note/train_pretrain.md,docs/code_notes/train_pretrain.md,5583,735cfc9a6c5d6334069740f9d2627b5cb2fcc5832f9e11254087b1c1dc1d36d4
code_note/train_pretrain.py,code/trainer/train_pretrain.py,10015,e7ad4d2e30386971c3a6c1b81d99a5342c7af2ea1f741d28e66ce3adabb452e6
swanlab_figures/pretrain可视化.png,experiments/figures/pretrain可视化.png,84031,4e8bbd18ed991aeede91182aef83765761451d2199c40fd939842edb5468d9c9
swanlab_figures/sft epoch=1可视化.png,experiments/figures/sft epoch=1可视化.png,85819,d631b6fb5f9ba00df1cc471bd64c12d2cdec3f58e10e517ccd40eef70c163d54
swanlab_figures/sft epoch=2可视化.png,experiments/figures/sft epoch=2可视化.png,123831,b0e0d8c4dfeca9420d948cf5bce250226800e577035967849ad87c88cf76f9c9
model_outputs/sft epoch=1/自己的模型1.png,experiments/evaluations/sft epoch=1/自己的模型1.png,89959,60673c17a84941f1500b446a7719e84269e817dab23de50c38c55421c66198f9
model_outputs/sft epoch=1/自己的模型2.png,experiments/evaluations/sft epoch=1/自己的模型2.png,143006,8a25216e221c6c80ed7a4a4832d2fe09d42106596fd2747924ac1d855f7935e1
model_outputs/sft epoch=2/1.png,experiments/evaluations/sft epoch=2/1.png,99641,984c512ea611b8fdbc04d0415414c10d33198e62c5ae205a8359b4ca642baead
model_outputs/sft epoch=2/2.png,experiments/evaluations/sft epoch=2/2.png,134107,7a76f538d8489df056528980c658f5ea16f96b6b4526d1aaa906da4f08127f14
model_outputs/作者权重/作者模型1.png,experiments/evaluations/作者权重/作者模型1.png,96126,3d930299727f3b315e1357dcf6a7c01624c5437c83278af96023fe25b21aad0c
model_outputs/作者权重/作者模型2.png,experiments/evaluations/作者权重/作者模型2.png,265381,dc638541b2c5793650f0aeb27a9c716c15aec3f8210ccd18213773f8a241b14c
env/环境.png,configs/environment_evidence/环境.png,44647,75f51f3db8361f16c0f05037ebd6ea3937893ccf2a22e30e651dd188a9eacb97
experiments/pretrain_768.pth,checkpoints/pretrain_768.pth,137684407,52cd702953cc55880b34a522cb95be4614c720e01c3803ab98ac4c3651a4a915
experiments/sft epoch=1/full_sft_768.pth,checkpoints/sft epoch=1/full_sft_768.pth,137684407,d344541fc4bf7ce380cb7dc9d518af1ffee112bab2858609d189f53aa961a374
experiments/sft epoch=2/full_sft_e2_768.pth,checkpoints/sft epoch=2/full_sft_e2_768.pth,137684698,0f5ae496cdbbe0dad488b2068bd502de9f87b6fc493abc54d84f290df3304422
复现Minimind报告.docx,docs/archive/复现Minimind报告.docx,835067,56366568f001036bf1d7bb16182c7920b5f3a10e1da81e5a77f0f0d7ba27653c
组会汇报.pptx,docs/archive/组会汇报.pptx,7983402,37886c160c23cdbcfc33eefd926eae52562cc3e617f68cd5d8bfd7f74727ca74
