Path,SizeBytes,SHA256
code/LICENSE,11558,1eb85fc97224598dad1852b5d6483bbcf0aa8608790dcc657a5a2a761ae9c8c6
code/requirements.txt,553,546df84a950f02cd921830cfd1f91e1515f25adf006612daeea86c862786abcb
code/dataset/lm_dataset.py,11435,cad8fa83ae4d7308a5d81ec51d750c065c1f52722747408f841c23ce29999634
code/model/model_lora.py,2760,4845ed4a24e6c14250d9364eb893ce397a4cd63ebc053cd9b98670972dd8ea30
code/model/tokenizer.json,482372,8bf5868abfc7ea919186b57e2b411adefe3b0922b53052c5839937e166b9d395
code/model/tokenizer_config.json,13642,e42b762555734279158ca292431c831fa387c48c35d9b1b205f4fc6c83b79d34
code/trainer/trainer_utils.py,7265,eb5867aea4050fdee9aa3fafef8614eb1fe088750accc9a8abef5478aebf1a93
configs/run_environments/run-20260528_133207-ku36bfeujag2hiu206gbf/requirements.txt,2197,6646c4d252babedc78e364b277b0b9d8463f78e098a227c24781aa022249dc0a
configs/run_environments/run-20260528_163059-178ikzljti4qwp1tej2py/requirements.txt,2197,6646c4d252babedc78e364b277b0b9d8463f78e098a227c24781aa022249dc0a
configs/run_environments/run-20260618_023103-hblvprxn3qfs3erhu6ltd/requirements.txt,2197,6646c4d252babedc78e364b277b0b9d8463f78e098a227c24781aa022249dc0a
docs/archive/metadata/run-20260528_133207-ku36bfeujag2hiu206gbf/swanlab-metadata.json,1119,337158b72fddd78b7d1b61e4a74d633e2c4f68f3e8d69ea19bb4dc0bcee09f6d
docs/archive/metadata/run-20260528_163059-178ikzljti4qwp1tej2py/swanlab-metadata.json,1130,b700596fcd86132d3ead8acba464d83fc15a44c3b7a2ffef7900034c3408467d
docs/archive/metadata/run-20260618_023103-hblvprxn3qfs3erhu6ltd/swanlab-metadata.json,1136,b26ef570cbc217fc2475115904ee3543c2ca48698bba2609238e0b1825bf30e5
